{
  "default_bindings": [{
    "controller_type": "vive_controller",
    "binding_url": "bindings_vive_controller.json"
  }], 

  "actions": [{
    "name": "/actions/pymol/in/RightHand",
    "type": "pose"
  }, {
    "name": "/actions/pymol/in/LeftHand",
    "type": "pose"
  }, {
    "name": "/actions/pymol/in/LGrip",
    "type": "boolean"
  }, {
    "name": "/actions/pymol/in/RGrip",
    "type": "boolean"
  }, {
    "name": "/actions/pymol/in/ToggleMenu",
    "type": "boolean"
  }, {
    "name": "/actions/pymol/in/Laser",
    "type": "boolean"
  }, {
    "name": "/actions/pymol/in/ActionSetNext",
    "type": "boolean"
  }, {
    "name": "/actions/pymol/in/ActionSetPrev",
    "type": "boolean"
  }, {
    "name": "/actions/pymol/in/Action1",
    "type": "boolean"
  }, {
    "name": "/actions/pymol/in/Action2",
    "type": "boolean"
  }, {
    "name": "/actions/pymol/in/Action3",
    "type": "boolean"
  }]
}
